sentence_id,token,pos_tag
0,The,DET
0,articles,NOUN
0,in,ADP
0,this,DET
0,special,ADJ
0,section,NOUN
0,focus,NOUN
0,on,ADP
0,using,VERB
0,natural,ADJ
0,language,NOUN
0,generation,NOUN
0,techniques,NOUN
0,-LRB-,.
0,NLG,NOUN
0,-RRB-,.
0,and,CONJ
0,natural,ADJ
0,language,NOUN
0,processing,NOUN
0,-LRB-,.
0,NLP,NOUN
0,-RRB-,.
0,to,PRT
0,build,VERB
0,computational,ADJ
0,systems,NOUN
0,that,ADP
0,generate,X
0,reports,VERB
0,and,CONJ
0,other,ADJ
0,kinds,NOUN
0,of,ADP
0,text,NOUN
0,in,ADP
0,human,NOUN
0,languages,NOUN
0,.,.
1,NLG,NOUN
1,uses,NOUN
1,analytics,VERB
1,",",.
1,AI,VERB
1,",",.
1,and,CONJ
1,NLP,NOUN
1,to,PRT
1,obtain,VERB
1,relevant,ADJ
1,information,NOUN
1,about,ADP
1,non-linguistic,ADJ
1,data,NOUN
1,and,CONJ
1,to,PRT
1,generate,VERB
1,textual,NOUN
1,summaries,NOUN
1,and,CONJ
1,explanations,NOUN
1,of,ADP
1,these,DET
1,data,NOUN
1,which,DET
1,help,VERB
1,people,NOUN
1,understand,VERB
1,and,CONJ
1,benefit,VERB
1,from,ADP
1,them,PRON
1,.,.
2,In,ADP
2,this,DET
2,regard,VERB
2,",",.
2,NLG,VERB
2,is,VERB
2,a,DET
2,research,NOUN
2,field,NOUN
2,that,ADP
2,addresses,NOUN
2,the,DET
2,data-value,NOUN
2,chain,NOUN
2,by,ADP
2,using,VERB
2,natural,NOUN
2,language,NOUN
2,as,ADP
2,a,DET
2,tool,NOUN
2,for,ADP
2,bridging,ADJ
2,the,DET
2,gap,NOUN
2,between,ADP
2,raw,ADJ
2,data,NOUN
2,and,CONJ
2,valuable,ADJ
2,information,NOUN
2,communicated,NOUN
2,to,PRT
2,users,NOUN
2,in,ADP
2,a,DET
2,comprehensible,NOUN
2,way,NOUN
2,",",.
2,adapted,VERB
2,to,PRT
2,their,PRON
2,information,NOUN
2,needs,NOUN
2,.,.
