sentence_id,position,token,predicted_tag,confidence,known_word
1,1,The,DET,0.9983,True
1,2,articles,NOUN,0.9942,True
1,3,in,ADP,0.9915,True
1,4,this,DET,0.9958,True
1,5,special,ADJ,0.9978,True
1,6,section,NOUN,0.9994,True
1,7,focus,NOUN,0.9499,True
1,8,on,ADP,0.9834,True
1,9,using,VERB,0.6805,True
1,10,natural,NOUN,0.8846,True
1,11,language,NOUN,1.0,True
1,12,generation,NOUN,0.9964,True
1,13,techniques,NOUN,0.9967,True
1,14,(,.,0.9955,True
1,15,NLG,NOUN,0.8963,False
1,16,),.,0.9944,True
1,17,and,CONJ,0.9895,True
1,18,natural,ADJ,0.6399,True
1,19,language,NOUN,0.9952,True
1,20,processing,NOUN,0.9782,True
1,21,(,.,0.9949,True
1,22,NLP,NOUN,0.8603,False
1,23,),.,0.9929,True
1,24,to,PRT,0.9733,True
1,25,build,VERB,0.9972,True
1,26,computational,NOUN,0.2519,False
1,27,systems,NOUN,0.9929,True
1,28,that,ADP,0.7749,True
1,29,generate,VERB,0.5097,True
1,30,reports,NOUN,0.7796,True
1,31,and,CONJ,0.9874,True
1,32,other,ADJ,0.9983,True
1,33,kinds,NOUN,0.9936,True
1,34,of,ADP,0.9977,True
1,35,text,NOUN,0.9816,True
1,36,in,ADP,0.9926,True
1,37,human,ADJ,0.5596,True
1,38,languages,NOUN,0.9997,True
1,39,.,.,0.9991,True
2,1,NLG,NOUN,0.1645,False
2,2,uses,VERB,0.5869,True
2,3,analytics,NOUN,0.7198,False
2,4,",",.,0.9989,True
2,5,AI,VERB,0.9428,True
2,6,",",.,0.9973,True
2,7,and,CONJ,0.9873,True
2,8,NLP,NOUN,0.657,False
2,9,to,PRT,0.9914,True
2,10,obtain,VERB,0.9269,True
2,11,relevant,ADJ,0.3869,False
2,12,information,NOUN,0.9988,True
2,13,about,ADP,0.9572,True
2,14,non-linguistic,NUM,0.3301,False
2,15,data,NOUN,0.9994,True
2,16,and,CONJ,0.9938,True
2,17,to,PRT,0.9831,True
2,18,generate,VERB,0.983,True
2,19,textual,NOUN,0.7581,False
2,20,summaries,NOUN,0.4821,False
2,21,and,CONJ,0.9859,True
2,22,explanations,NOUN,0.6707,False
2,23,of,ADP,0.9938,True
2,24,these,DET,0.9892,True
2,25,data,NOUN,0.9965,True
2,26,which,DET,0.9908,True
2,27,help,NOUN,0.9075,True
2,28,people,NOUN,0.9755,True
2,29,understand,VERB,0.9149,True
2,30,and,CONJ,0.9739,True
2,31,benefit,VERB,0.8724,True
2,32,from,ADP,0.9916,True
2,33,them,PRON,0.9897,True
2,34,.,.,0.9965,True
3,1,In,ADP,0.9931,True
3,2,this,DET,0.9973,True
3,3,regard,NOUN,0.7854,True
3,4,",",.,0.9966,True
3,5,NLG,NOUN,0.8059,False
3,6,is,VERB,0.996,True
3,7,a,DET,0.9872,True
3,8,research,NOUN,0.999,True
3,9,field,NOUN,0.9956,True
3,10,that,ADP,0.744,True
3,11,addresses,NOUN,0.5864,True
3,12,the,DET,0.991,True
3,13,data-value,ADJ,0.7164,False
3,14,chain,NOUN,0.9682,True
3,15,by,ADP,0.9976,True
3,16,using,VERB,0.5209,True
3,17,natural,NOUN,0.8931,True
3,18,language,NOUN,1.0,True
3,19,as,ADP,0.9448,True
3,20,a,DET,0.9967,True
3,21,tool,NOUN,0.9894,True
3,22,for,ADP,0.9966,True
3,23,bridging,NOUN,0.4744,False
3,24,the,DET,0.9912,True
3,25,gap,NOUN,0.9785,False
3,26,between,ADP,0.9929,True
3,27,raw,ADJ,0.6028,True
3,28,data,NOUN,0.9994,True
3,29,and,CONJ,0.9929,True
3,30,valuable,ADJ,0.8653,True
3,31,information,NOUN,0.9999,True
3,32,communicated,NOUN,0.8285,False
3,33,to,PRT,0.9936,True
3,34,users,VERB,0.6828,True
3,35,in,ADP,0.9919,True
3,36,a,DET,0.9961,True
3,37,comprehensible,NOUN,0.963,False
3,38,way,NOUN,0.9999,True
3,39,",",.,0.9986,True
3,40,adapted,VERB,0.9004,True
3,41,to,PRT,0.9937,True
3,42,their,PRON,0.9757,True
3,43,information,NOUN,0.9995,True
3,44,needs,NOUN,0.9334,True
3,45,.,.,0.9994,True
